forecast_horizon,roc_auc
10,0.9802558007923033
20,0.9688023073629305
30,0.9702837594927216
40,0.9631823363055104
