feature,coefficient,abs_coef
min_r,0.17836554001958216,0.17836554001958216
recovery_beta,-0.6878370246734249,0.6878370246734249
decay,-0.6878370246734276,0.6878370246734276
gamma,0.6878370246734312,0.6878370246734312
interval,-1.1282578406747612,1.1282578406747612
perturbation_density,-1.136652687167364,1.136652687167364
mean_r,9.417527782883749,9.417527782883749
