feature,importance_mean,importance_std
mean_r,0.425495384179334,0.010735871871472603
gamma,0.00942274567430284,0.0006637837974411813
decay,0.009422654440530287,0.0006638465936196622
recovery_beta,0.009422639234901543,0.0006638552421270473
interval,0.006008747494112498,0.0008716485701559196
min_r,6.605325132850171e-05,0.00011029931262640561
perturbation_density,-4.4370024718165534e-05,9.416839383814958e-05
